Year,Police Station / Area,Total Accidents,Fatal Accidents,Injury Accidents,Fatalities
2018,Electronic City,201,12,49,13
2018,BTM Layout,376,22,62,25
2018,Koramangala,82,2,24,10
2018,Indiranagar,94,3,31,12
2018,Jayanagar,107,2,18,11
2018,Whitefield,156,6,42,14
2018,HSR Layout,367,15,110,25
2018,KR Puram,231,14,76,21
2019,Electronic City,404,10,95,17
2019,BTM Layout,87,5,13,11
2019,Koramangala,447,16,148,23
2019,Indiranagar,198,12,68,18
2019,Jayanagar,191,4,43,7
2019,Whitefield,404,27,85,29
2019,HSR Layout,179,13,62,20
2019,KR Puram,348,8,105,16
2020,Electronic City,276,14,66,19
2020,BTM Layout,300,13,102,23
2020,Koramangala,295,6,56,10
2020,Indiranagar,208,8,32,8
2020,Jayanagar,359,14,85,17
2020,Whitefield,381,15,101,17
2020,HSR Layout,186,8,39,18
2020,KR Puram,348,10,111,13
2021,Electronic City,349,9,105,10
2021,BTM Layout,377,22,131,22
2021,Koramangala,128,2,19,10
2021,Indiranagar,281,21,58,30
2021,Jayanagar,190,4,47,11
2021,Whitefield,250,12,86,20
2021,HSR Layout,325,22,68,29
2021,KR Puram,300,14,49,21
2022,Electronic City,211,5,66,8
2022,BTM Layout,287,16,66,19
2022,Koramangala,423,24,107,32
2022,Indiranagar,322,18,105,22
2022,Jayanagar,406,32,70,38
2022,Whitefield,193,7,36,7
2022,HSR Layout,325,23,60,31
2022,KR Puram,160,5,28,7
2023,Electronic City,267,20,41,22
2023,BTM Layout,212,6,43,13
2023,Koramangala,369,13,60,18
2023,Indiranagar,407,19,70,24
2023,Jayanagar,93,6,24,6
2023,Whitefield,321,17,58,24
2023,HSR Layout,146,8,27,17
2023,KR Puram,178,7,47,8
